PC,Proportion.Variance.Explained
1,0.012074969535140893
2,0.0018754335709336245
3,0.001213138059205239
4,0.0011463510785763701
5,0.0009423643064802458
6,0.0008752219740839141
7,0.0008544900555144948
8,0.0007804491077578237
9,0.0007492018974606866
10,0.0007175130767891775
